storm_key,rain_cum_mean_mm_175km,old_incremental_rain_mean_mm,absolute_difference_mm,relative_difference_pct
ELINE,74.08092641268668,75.6077856871216,-1.5268592744349263,-2.019447151584812
GLORIA,62.377745910344665,61.07588302509652,1.3018628852481413,2.131549837295347
HUDAH,135.25286211751492,135.14180991914537,0.11105219836954916,0.08217456791202597
ATANG,67.38326993176531,68.28186757696727,-0.89859764520196,-1.316012108469443
JAPHET,82.08326598396191,82.08326598396191,0.0,0.0
DELFINA,233.7168285364293,233.7168285364293,0.0,0.0
ELITA,208.65685379748805,340.2294142499663,-131.57256045247823,-38.671718241213554
FAVIO,89.203780143719,90.69158605924204,-1.4878059155230403,-1.6405115184016825
JOKWE,224.5087521625408,224.5087521625408,0.0,0.0
IZILDA,42.705053379918986,45.785846235084506,-3.0807928551655195,-6.728701353137355
DANDO,44.09189695920066,45.66637231289176,-1.5744753536910991,-3.447778472314999
FUNSO,313.49556444939446,313.49556444939446,0.0,0.0
IRINA,47.91482172269287,43.608831712575885,4.305990010116986,9.874123752036281
DINEO,110.77778942604272,118.76590793291466,-7.988118506871942,-6.725935620669914
IDAI,156.27293390822953,152.88889084552704,3.3840430627024887,2.213400230708452
KENNETH,98.377722713071,97.76458309463358,0.6131396184374154,0.6271592421602331
CHALANE,34.23874354224606,39.470930357150365,-5.232186814904303,-13.255798045703944
ELOISE,70.24956113821055,74.53088641744759,-4.281325279237038,-5.7443638269070485
GUAMBE,161.8410167961496,161.8410167961496,0.0,0.0
ANA,78.48516219417034,78.47085025376015,0.014311940410195234,0.018238543820938702
DUMAKO,69.99004999595353,70.34885112544079,-0.3588011294872615,-0.5100312567258195
GOMBE,116.66550223460048,116.66550223460048,0.0,0.0
FREDDY,213.39094248575697,211.91290426427437,1.478038221482592,0.6974743829848823
CHIDO,14.759665552325426,14.71483667133624,0.04482888098918636,0.30465089073336954
FILIPO,102.97658709178428,102.33274892704196,0.6438381647423199,0.6291614087307903
DIKELEDI,90.1351380473522,90.1351380473522,0.0,0.0
JUDE,186.438931671284,192.7260469173135,-6.287115246029515,-3.2622031876816924
