storm_key,year,sid,local_start,local_end,track_points,days_requested_100km,days_used_100km,grid_cells_valid_100km,rain_cum_mean_mm_100km,rain_cum_median_mm_100km,rain_cum_p90_mm_100km,rain_cum_p95_mm_100km,rain_cum_max_mm_100km,rain_daily_mean_peak_mm_100km,rain_daily_cell_max_mm_100km,pct_cells_cum_gt100_100km,pct_cells_cum_gt200_100km,days_requested_175km,days_used_175km,grid_cells_valid_175km,rain_cum_mean_mm_175km,rain_cum_median_mm_175km,rain_cum_p90_mm_175km,rain_cum_p95_mm_175km,rain_cum_max_mm_175km,rain_daily_mean_peak_mm_175km,rain_daily_cell_max_mm_175km,pct_cells_cum_gt100_175km,pct_cells_cum_gt200_175km,days_requested_250km,days_used_250km,grid_cells_valid_250km,rain_cum_mean_mm_250km,rain_cum_median_mm_250km,rain_cum_p90_mm_250km,rain_cum_p95_mm_250km,rain_cum_max_mm_250km,rain_daily_mean_peak_mm_250km,rain_daily_cell_max_mm_250km,pct_cells_cum_gt100_250km,pct_cells_cum_gt200_250km
ELINE,2000,2000032S11116,2000-02-19 03:00:00,2000-02-23 18:00:00,38,5,5,4936,74.43372397615032,72.08837127685547,110.27225971221924,129.62501096725464,231.99236297607425,35.63128829437098,108.08768463134766,15.883306320907616,0.1012965964343598,5,5,9931,74.08092641268668,68.4111099243164,116.57900047302246,139.40945482254028,278.190128326416,30.136909219724345,132.0111846923828,16.121236532071293,0.5840298056590474,5,5,16755,70.11650477409079,64.02565574645996,110.85055084228516,136.95395717620846,278.190128326416,24.04407250864831,132.0111846923828,14.65831095195464,1.0086541330945986
GLORIA,2000,2000058S14063,2000-03-05 12:00:00,2000-03-10 12:00:00,41,6,6,2284,86.9077484858224,88.78118801116943,122.79147567749024,135.64639873504635,196.74113082885745,54.800325810804885,193.76715087890625,33.31873905429072,0.0,6,6,4427,62.377745910344665,65.0325927734375,115.73802108764647,131.61411132812498,206.84633255004883,36.06643315343898,202.15213012695312,21.41405014682629,0.0451773209848656,6,6,8019,50.73080138919924,43.06248092651367,123.4929718017578,143.78862628936767,206.84633255004883,20.473060899518764,202.15213012695312,19.865319865319865,0.0374111485222596
HUDAH,2000,2000083S17102,2000-04-04 09:00:00,2000-04-09 12:00:00,42,6,6,2892,152.00279682330572,153.93685913085938,198.33376045227047,214.39538106918332,272.175479888916,45.647816864224886,176.30453491210938,89.41908713692946,9.3015214384509,6,6,5652,135.25286211751492,134.93975830078125,196.62466545104985,216.2014199256897,303.9288787841797,35.539931817598486,185.1409149169922,73.99150743099787,8.899504600141544,6,6,8878,111.68982048659316,107.75538349151611,185.49196395874023,206.56185398101795,306.6141548156738,27.66024820873479,270.7760925292969,55.327776526244655,6.228880378463618
ATANG,2002,2002307S07070,2002-11-12 00:00:00,2002-11-13 00:00:00,9,2,2,1072,81.80676086625057,81.52608871459961,115.8172212600708,129.3757083892822,168.5751914978027,65.313429506857,162.6067657470703,19.21641791044776,0.0,2,2,2461,67.38326993176531,68.08226013183594,100.43582153320312,116.81260681152344,168.5751914978027,46.50297721310972,162.6067657470703,10.321007720438846,0.0,2,2,4438,50.271717596129285,50.360700607299805,90.61287631988527,102.20467414855956,168.5751914978027,32.05831657217773,162.6067657470703,5.723298783235692,0.0
JAPHET,2003,2003056S21042,2003-02-24 12:00:00,2003-03-05 06:00:00,71,10,10,5604,91.51201266767212,85.57845544815063,154.83003892898557,198.48595027923585,277.03165435791016,27.98899969145879,136.50755310058594,35.67094932191292,4.72876516773733,10,10,10997,82.08326598396191,78.0482349395752,137.7151207923889,186.42024078369136,280.8779048919678,23.23258101817661,140.35653686523438,28.28953350913885,3.4009275256888247,10,10,17719,72.20842845367318,67.37592315673828,128.5234302520752,161.74917230606076,280.8779048919678,19.288107911285977,154.9028778076172,22.907613296461427,2.122015915119363
DELFINA,2004,2002364S16045,2002-12-30 12:00:00,2003-01-11 18:00:00,99,13,13,6114,248.46485346347328,247.278724193573,317.80763053894043,332.4652684688568,416.6014862060547,37.84212636512832,102.36038970947266,99.29669610729474,81.19070984625449,13,13,10314,233.71682853642932,232.62312817573547,310.2965107917786,327.87969455719,416.6014862060547,34.231889262740545,102.80091857910156,98.89470622454915,70.60306379678107,13,13,15676,210.8481948913659,210.64517784118647,299.5989999771118,318.63185000419617,416.6014862060547,31.29003755043708,114.56033325195312,94.73717785149272,56.9469252360296
ELITA,2004,2004025S16044,2004-01-25 12:00:00,2004-02-02 09:00:00,64,9,9,7010,212.61371967163305,180.10843658447266,372.0969059944153,403.4311660766601,484.1410207748413,32.97513022871738,139.7116241455078,95.10699001426534,40.1283880171184,9,9,12085,208.65685379748805,178.13716745376587,362.8237476348877,390.0299842834472,484.1410207748413,31.29751476349789,151.69873046875,90.95573024410426,40.33926354985519,9,9,14617,201.6378540860944,174.7032036781311,358.31754970550537,384.4158432006836,484.1410207748413,30.82439310356425,196.2952880859375,86.40623931039201,38.73571868372443
FAVIO,2007,2007043S11071,2007-02-20 06:00:00,2007-02-23 12:00:00,27,4,4,3180,104.60090035185124,100.96351909637453,154.62503337860107,169.58889675140364,327.4894962310791,42.33245080207129,170.59478759765625,50.84905660377359,0.8490566037735849,4,4,6496,89.203780143719,84.24874830245972,141.73549270629883,158.14286756515503,327.4894962310791,39.36680443328002,170.59478759765625,35.19088669950739,0.4464285714285714,4,4,11021,74.13341545615175,67.74446105957031,126.40967082977296,146.2519073486328,327.4894962310791,34.43428808352809,170.59478759765625,21.94900644224662,0.2631340168768714
JOKWE,2008,2008062S10064,2008-03-07 12:00:00,2008-03-16 06:00:00,71,10,10,1025,239.3004821190165,261.952365398407,308.1955647468567,318.9217308998108,371.5606155395508,72.17920828237766,112.72644805908205,94.34146341463416,75.02439024390245,10,10,2300,224.50875216254076,236.86783695220947,304.55402584075927,315.5148365020752,371.5606155395508,68.98483967345693,135.59054565429688,96.30434782608695,62.65217391304348,10,10,4241,184.9139041665259,184.92790699005127,294.6768674850464,310.62929248809814,371.5606155395508,51.07529511237532,145.65341186523438,80.02829521339306,43.99905682622023
IZILDA,2009,2009082S16039,2009-03-22 12:00:00,2009-03-29 18:00:00,59,8,8,2273,46.61318854538554,44.150390625,73.08145141601562,83.72210388183595,152.84495162963867,26.31366560708779,116.03248596191406,1.9797624285085789,0.0,8,8,6248,42.705053379918986,40.59932708740234,76.3893913269043,85.37896833419799,152.84495162963867,20.122922973676317,116.03248596191406,1.808578745198464,0.0,8,8,12133,37.50265948943438,33.69288158416748,76.18763618469247,87.37707443237304,152.84495162963867,13.786440002479056,116.03248596191406,2.0769801368169456,0.0
DANDO,2012,2012010S24049,2012-01-14 21:00:00,2012-01-18 06:00:00,28,5,5,4940,45.24488559535399,46.09444999694824,73.43789119720459,78.84157123565674,140.83277130126953,23.39875564415928,100.37698364257812,1.174089068825911,0.0,5,5,9173,44.09189695920066,42.07268047332764,77.12476348876955,85.19723110198974,178.4230613708496,23.49008889800263,118.9487075805664,1.7551509865910826,0.0,5,5,13994,41.28289837421384,36.44980812072754,79.30037708282471,91.68955774307246,263.08690643310547,21.76873559327028,143.501953125,3.279977133057024,0.0571673574389023
FUNSO,2012,2012018S16041,2012-01-17 12:00:00,2012-01-28 06:00:00,87,12,12,534,349.0717386168599,376.5567207336426,464.3205234050751,474.7155131101608,530.0117816925049,86.26170039712713,154.25990295410156,88.76404494382022,86.51685393258427,12,12,2348,313.49556444939446,337.44644570350647,424.78884716033946,450.10510470867166,530.0117816925049,68.02753700430186,154.25990295410156,97.35945485519592,88.45826235093696,12,12,4554,293.8251801879523,310.5381009578705,389.6591888427735,426.2936482429504,530.0117816925049,61.06003066893466,154.25990295410156,98.63855950812471,81.8401405357927
IRINA,2012,2012056S13057,2012-03-01 21:00:00,2012-03-12 06:00:00,84,12,12,1531,56.12528436686929,54.64395523071289,93.67156219482422,104.05483531951904,150.3649139404297,29.238473020917368,150.3649139404297,6.792945787067277,0.0,12,12,4231,47.91482172269287,47.4013557434082,83.74350929260254,93.50293350219728,185.75537109375,17.637833312960332,166.61288452148438,3.2852753486173483,0.0,12,12,8223,40.7837381525862,36.99794769287109,80.29977416992189,94.48455181121824,215.3377227783203,14.41386312112225,183.5516357421875,3.9401678219627874,0.0486440471847257
DINEO,2017,2017043S19040,2017-02-11 18:00:00,2017-02-17 03:00:00,44,7,7,5027,110.83531502164902,107.38066482543944,198.67690086364743,218.93954334259035,365.17481994628906,67.59393801199695,263.5570373535156,53.13308136065248,9.528545852397055,7,7,9398,110.77778942604272,106.82981491088869,199.98701362609864,219.6902812957764,640.0139465332031,63.35863946290391,324.05731201171875,52.97935731006597,9.991487550542669,7,7,14032,108.64071007096288,106.50082969665527,196.49423961639403,217.1829741477966,640.0139465332031,58.56046489737886,324.05731201171875,53.27822120866591,8.936716077537058
IDAI,2019,2019063S18038,2019-03-04 00:00:00,2019-03-16 12:00:00,101,13,13,8064,175.05769658804175,179.97787380218506,301.645823764801,329.1630529880524,432.737361907959,30.999463256448507,157.09698486328125,75.78125,42.55952380952381,13,13,15213,156.27293390822953,154.9162359237671,289.64451293945314,318.6986873626709,432.737361907959,28.64093927573321,157.09698486328125,70.63695523565372,33.84605271807008,13,13,23156,138.740192148588,129.33401656150818,281.11176800727844,315.74869561195374,432.737361907959,25.33190241965693,157.09698486328125,62.752634306443255,27.306097771635866
KENNETH,2019,2019112S10053,2019-04-24 21:00:00,2019-04-28 06:00:00,28,5,5,3493,122.9762631515556,122.1481306552887,178.16464414000512,195.2145346924662,334.8381881713867,55.83562951261322,222.8767242431641,68.50844546235328,3.979387346120813,5,5,6276,98.377722713071,99.28670790418984,163.71837647259235,181.43210497498512,334.8381881713867,44.16686882641359,222.8767242431641,49.45825366475462,2.390057361376673,5,5,9187,77.09593406511952,73.81191675004084,155.05543860867618,172.42242127954958,334.8381881713867,33.88996242008648,222.8767242431641,34.744748013497336,1.6327419179275062
CHALANE,2020,2020355S11065,2020-12-28 09:00:00,2020-12-30 18:00:00,20,3,3,4601,40.18351783257053,40.42173767089844,70.78686714172363,78.30052947998047,137.5380096435547,35.61295985833532,137.5380096435547,0.5433601391001956,0.0,3,3,9251,34.23874354224606,33.649009704589844,63.566200256347656,74.42927932739258,175.59317016601562,29.531851177885137,175.59317016601562,0.637768889849746,0.0,3,3,15940,27.921438544263207,23.94035053253174,57.89219150543213,69.59665722846984,175.59317016601562,21.52176831068478,175.59317016601562,0.370138017565872,0.0
ELOISE,2021,2021012S12086,2021-01-21 06:00:00,2021-01-24 12:00:00,27,4,4,5678,68.9003493006106,51.39050245285034,147.80715522766118,203.30703377723688,270.5993709564209,25.247210092341323,166.52268981933594,16.81930257132793,5.2835505459668894,4,4,11615,70.24956113821055,51.64787197113037,154.01716346740727,196.0297252655029,270.5993709564209,22.85871039703392,166.52268981933594,20.576840292724924,4.614722341799397,4,4,19376,65.857685684218,52.07539749145508,135.89962196350098,166.32210206985474,270.5993709564209,19.13585176795081,166.52268981933594,19.503509496284064,2.7766308835673
GUAMBE,2021,2021042S23040,2021-02-11 00:00:00,2021-02-20 21:00:00,80,10,10,4227,171.66029512038995,180.24578475952148,271.2404102325439,281.3394721984863,386.0782127380371,31.141209987029416,114.24009704589844,75.49089188549799,41.16394606103619,10,10,7115,161.8410167961496,172.3246717453003,268.5506080627442,281.417257976532,386.0782127380371,29.25226708205753,114.24009704589844,69.8805340829234,36.50035137034434,10,10,10370,147.98085644071566,146.61824893951416,258.39216842651365,276.4438142776489,386.0782127380371,27.385479543133204,192.2102813720703,65.02410800385728,29.508196721311474
ANA,2022,2022020S13060,2022-01-23 21:00:00,2022-01-25 12:00:00,14,3,3,5986,78.82521626866067,77.88101863861084,95.05755853652954,101.77790927886964,158.59734725952148,51.99436470323528,94.88801574707033,6.030738389575677,0.0,3,3,10999,78.48516219417034,77.59298706054688,95.18429641723634,102.97319717407228,158.59734725952148,49.15153184925733,94.88801574707033,6.446040549140832,0.0,3,3,16938,75.2919772956219,75.30924844741821,96.46452169418336,104.7776255607605,234.7177276611328,44.28179173368056,136.91867065429688,7.492029755579171,0.0118077695123391
DUMAKO,2022,2022042S12063,2022-02-16 18:00:00,2022-02-18 12:00:00,15,3,3,953,94.14307076233008,94.59328269958496,135.37895851135255,144.8866817474365,169.36821460723877,52.08449170872147,99.73905181884766,42.28751311647429,0.0,3,3,2844,69.99004999595353,66.15188789367676,109.91383533477784,126.3860689640045,169.36821460723877,33.30037787845869,99.73905181884766,15.084388185654008,0.0,3,3,5930,55.9825323680199,52.42642974853516,91.75132513046267,108.71169233322144,169.36821460723877,24.957620404019927,99.73905181884766,7.251264755480608,0.0
GOMBE,2022,2022065S16055,2022-03-10 06:00:00,2022-03-17 18:00:00,61,8,8,7978,132.71244025721822,136.5865831375122,202.3689975738525,221.5267592906952,356.1714630126953,39.42092388339376,219.3999938964844,71.3712709952369,10.767109551265982,8,8,12817,116.66550223460048,118.6053237915039,192.05233211517333,211.56486930847169,356.1714630126953,32.654977233517585,219.3999938964844,60.25591011937272,7.591480065537957,8,8,17290,99.81211437570818,95.99013137817384,184.6529836654663,203.53285331726076,356.1714630126953,26.284363016219,219.3999938964844,47.78484673221515,5.62753036437247
FREDDY,2023,2023036S12117,2023-02-22 15:00:00,2023-03-14 12:00:00,160,21,21,9781,221.47635271379264,202.9059181213379,446.0134449005127,478.70084857940674,693.5724639892578,35.10064593842029,309.81494140625,75.2070340455986,51.1297413352418,21,21,18832,213.39094248575697,203.2079067230225,424.2657888412476,469.893482208252,693.5724639892578,28.630705998310013,309.81494140625,75.73279524214104,51.03547153780799,21,21,29032,205.2755007925804,195.8551728725433,410.9067076683045,471.0094921588897,771.9942932128906,24.221045530698092,356.51239013671875,74.67621934417194,48.7289887021218
CHIDO,2024,2024341S12086,2024-12-14 18:00:00,2024-12-17 12:00:00,23,4,4,9293,13.857391825920924,12.536706924438477,25.884962844848644,29.843951606750487,67.0870361328125,9.171646675419066,67.0870361328125,0.0,0.0,4,4,17286,14.759665552325426,13.584545850753784,27.479352474212646,31.23976230621338,149.77459716796875,8.879292917350893,149.77459716796875,0.0752053685063056,0.0,4,4,25855,15.63322610516563,14.660694122314451,28.097619247436526,31.730366325378416,183.10012817382807,8.636716046478089,183.10012817382807,0.131502610713595,0.0
FILIPO,2024,2024061S11062,2024-03-04 21:00:00,2024-03-13 18:00:00,72,10,10,3821,104.62055308979176,95.13455963134766,178.6108856201172,197.1618804931641,306.6241455078125,80.71128600069878,265.95751953125,45.95655587542528,4.3182412980895055,10,10,7444,102.97658709178428,96.07135200500488,170.27918434143066,192.61828603744505,377.62789154052734,66.46153469828108,265.95751953125,46.69532509403547,3.5196131112305213,10,10,12931,99.93990105726576,93.56486415863036,172.2220287322998,197.31743383407596,377.62789154052734,47.71672862348253,265.95751953125,45.340654241744645,4.554945479854613
DIKELEDI,2025,2024364S13117,2025-01-13 00:00:00,2025-01-15 21:00:00,24,3,3,1189,86.8455989820502,93.95250129699708,109.16993026733398,113.33920593261718,131.12648582458496,49.66937315433942,76.09441375732422,31.70731707317073,0.0,3,3,2440,90.1351380473522,95.55242729187012,113.1083827972412,117.1421224594116,139.41474151611328,51.62679095922923,93.03590393066406,39.54918032786885,0.0,3,3,4860,81.88372299299564,83.89867925643921,111.16960544586182,116.68946971893313,154.88356018066406,41.54107810141128,103.25570678710938,26.93415637860082,0.0
JUDE,2025,2025064S12067,2025-03-09 09:00:00,2025-03-14 15:00:00,43,6,6,6431,197.42418882146052,202.6559829711914,281.6820526123047,309.45187759399414,482.6150360107422,67.14625645325206,362.8069152832031,90.1104027367439,51.7648888197792,6,6,11507,186.438931671284,194.7224349975586,276.7658134460449,308.2155124664306,482.6150360107422,57.67258126623595,362.8069152832031,84.04449465542713,46.3630833405753,6,6,16976,171.5757190121933,181.2196455001831,266.1594591140747,300.2798042297363,482.6150360107422,48.87587165281977,362.8069152832031,76.69062205466541,39.3437794533459
