source_type,period,file_name,size_bytes,redistribution_note
master,,integrated_event_master_final.csv,15982,Raw third-party input not redistributed; obtain from original provider.
ibtracs,,IBTrACS.since1980.v04r01.nc,10811444,Raw third-party input not redistributed; obtain from original provider.
chirps,2000.02,chirps-v2.0.2000.02.days_p05.nc,96286547,Raw third-party input not redistributed; obtain from original provider.
chirps,2000.03,chirps-v2.0.2000.03.days_p05.nc,105089035,Raw third-party input not redistributed; obtain from original provider.
chirps,2000.04,chirps-v2.0.2000.04.days_p05.nc,102381804,Raw third-party input not redistributed; obtain from original provider.
chirps,2002.11,chirps-v2.0.2002.11.days_p05.nc,86482565,Raw third-party input not redistributed; obtain from original provider.
chirps,2002.12,chirps-v2.0.2002.12.days_p05(1).nc,107010787,Raw third-party input not redistributed; obtain from original provider.
chirps,2003.01,chirps-v2.0.2003.01.days_p05(1).nc,98431856,Raw third-party input not redistributed; obtain from original provider.
chirps,2003.02,chirps-v2.0.2003.02.days_p05(1).nc,99637543,Raw third-party input not redistributed; obtain from original provider.
chirps,2003.03,chirps-v2.0.2003.03.days_p05(1).nc,107446013,Raw third-party input not redistributed; obtain from original provider.
chirps,2004.01,chirps-v2.0.2004.01.days_p05(1).nc,112331189,Raw third-party input not redistributed; obtain from original provider.
chirps,2004.02,chirps-v2.0.2004.02.days_p05.nc,103713799,Raw third-party input not redistributed; obtain from original provider.
chirps,2007.02,chirps-v2.0.2007.02.days_p05(1).nc,100375588,Raw third-party input not redistributed; obtain from original provider.
chirps,2008.03,chirps-v2.0.2008.03.days_p05(1).nc,111344227,Raw third-party input not redistributed; obtain from original provider.
chirps,2009.03,chirps-v2.0.2009.03.days_p05(1).nc,117562643,Raw third-party input not redistributed; obtain from original provider.
chirps,2012.01,chirps-v2.0.2012.01.days_p05(2).nc,99489455,Raw third-party input not redistributed; obtain from original provider.
chirps,2012.03,chirps-v2.0.2012.03.days_p05(1).nc,110332106,Raw third-party input not redistributed; obtain from original provider.
chirps,2017.02,chirps-v2.0.2017.02.days_p05(1).nc,103319242,Raw third-party input not redistributed; obtain from original provider.
chirps,2019.03,chirps-v2.0.2019.03.days_p05(1).nc,105889905,Raw third-party input not redistributed; obtain from original provider.
chirps,2019.04,chirps-v2.0.2019.04.days_p05(1).nc,148785578,Raw third-party input not redistributed; obtain from original provider.
chirps,2020.12,chirps-v2.0.2020.12.days_p05(1).nc,96938801,Raw third-party input not redistributed; obtain from original provider.
chirps,2021.01,chirps-v2.0.2021.01.days_p05(1).nc,103841061,Raw third-party input not redistributed; obtain from original provider.
chirps,2021.02,chirps-v2.0.2021.02.days_p05(1).nc,93870920,Raw third-party input not redistributed; obtain from original provider.
chirps,2022.01,chirps-v2.0.2022.01.days_p05(1).nc,97138402,Raw third-party input not redistributed; obtain from original provider.
chirps,2022.02,chirps-v2.0.2022.02.days_p05(1).nc,86947036,Raw third-party input not redistributed; obtain from original provider.
chirps,2022.03,chirps-v2.0.2022.03.days_p05(1).nc,110304250,Raw third-party input not redistributed; obtain from original provider.
chirps,2023.02,chirps-v2.0.2023.02.days_p05(1).nc,93080262,Raw third-party input not redistributed; obtain from original provider.
chirps,2023.03,chirps-v2.0.2023.03.days_p05(1).nc,111612800,Raw third-party input not redistributed; obtain from original provider.
chirps,2024.03,chirps-v2.0.2024.03.days_p05(1).nc,108363352,Raw third-party input not redistributed; obtain from original provider.
chirps,2024.12,chirps-v2.0.2024.12.days_p05(1).nc,92654929,Raw third-party input not redistributed; obtain from original provider.
chirps,2025.01,chirps-v2.0.2025.01.days_p05(1).nc,128412081,Raw third-party input not redistributed; obtain from original provider.
chirps,2025.03,chirps-v2.0.2025.03.days_p05(1).nc,107600837,Raw third-party input not redistributed; obtain from original provider.
