impact_threshold_people,rain_corridor_km,storm_key,emdat_total_affected,observed_severe,wind_kph,pressure_mb,distance_land_km,rain_mean_175km_mm,pred_M0_fixed_wind_119,pred_M1_calibrated_wind,pred_M2_logistic_multihazard,pred_M3_random_forest_multihazard,prob_M2_logistic_multihazard,prob_M3_random_forest_multihazard
50000,175,HUDAH,304.0,0,185.2,947.0,0.0,135.25286211751492,1,1,1,1,0.7666261690093412,0.9915910578935132
50000,175,JAPHET,23010.0,0,212.98,927.0,0.0,82.08326598396191,1,1,1,1,0.8254686250640916,0.9231399023514292
50000,175,ELITA,10000.0,0,107.416,980.0,105.0,208.65685379748805,0,0,1,1,0.8205163009477087,0.6705960963804131
50000,175,FAVIO,162770.0,1,218.536,925.0,0.0,89.203780143719,1,1,1,1,0.6424430311831708,0.601861974613913
50000,175,JOKWE,220013.0,1,200.016,940.0,0.0,224.5087521625408,1,1,1,1,0.8727682842576062,0.7453197507829098
50000,175,IZILDA,7103.0,0,116.676,976.0,0.0,42.705053379918986,0,0,0,0,0.3073100654317436,0.3521161098412261
50000,175,DANDO,40042.0,0,83.34,992.0,0.0,44.09189695920066,0,0,0,0,0.2459767542327426,0.2546259758540994
50000,175,FUNSO,65000.0,1,212.98,925.0,45.0,313.49556444939446,1,1,1,1,0.8466006545749839,0.6842216516354586
50000,175,IRINA,4958.0,0,107.416,980.0,0.0,47.91482172269287,0,0,0,0,0.2972871041350711,0.2017127300001542
50000,175,DINEO,750102.0,1,148.16,955.0,0.0,110.77778942604272,1,1,1,1,0.5241151188327376,0.8783818188270771
50000,175,IDAI,1501500.0,1,212.98,940.0,0.0,156.27293390822953,1,1,1,1,0.8003374097187753,0.6718921661632853
50000,175,KENNETH,400094.0,1,227.796,934.0,0.0,98.377722713071,1,1,1,1,0.7159107495844469,0.7109395005535251
50000,175,ELOISE,481901.0,1,157.42000000000002,965.0,0.0,70.24956113821055,1,1,0,1,0.4557095818591967,0.5725463599131358
50000,175,ANA,185636.0,1,92.6,987.0,0.0,78.48516219417034,0,0,0,0,0.2575562396169959,0.2026573679845236
50000,175,DUMAKO,23733.0,0,40.744,1004.0,0.0,69.99004999595353,0,0,0,0,0.2213960179670611,0.4464369277300594
50000,175,GOMBE,736123.0,1,172.23600000000002,955.0,0.0,116.66550223460048,1,1,1,1,0.6233984024158993,0.8690306384277473
50000,175,FREDDY,1231389.0,1,181.496,953.0,0.0,213.39094248575697,1,1,1,1,0.8302527774030708,0.7264441213891285
50000,175,CHIDO,454839.0,1,212.98,947.0,0.0,14.759665552325426,1,1,0,0,0.3763468907698471,0.3689924053949399
50000,175,FILIPO,93325.0,1,101.86,989.0,0.0,102.97658709178428,0,0,0,0,0.3430514783227562,0.373485454814819
50000,175,DIKELEDI,283338.0,1,170.384,956.0,0.0,90.1351380473522,1,1,1,1,0.5497591099207764,0.8423419009399101
50000,175,JUDE,1020926.0,1,142.604,972.0,0.0,186.438931671284,1,1,1,1,0.6857113777250892,0.6157037538263828
100000,175,HUDAH,304.0,0,185.2,947.0,0.0,135.25286211751492,1,1,1,1,0.7051260860741181,0.984315391460964
100000,175,JAPHET,23010.0,0,212.98,927.0,0.0,82.08326598396191,1,1,1,1,0.8695097960173,0.7877867399406349
100000,175,ELITA,10000.0,0,107.416,980.0,105.0,208.65685379748805,0,0,0,0,7.990899903654092e-05,0.4187702674630534
100000,175,FAVIO,162770.0,1,218.536,925.0,0.0,89.203780143719,1,1,1,0,0.7238184643935122,0.4507615510318859
100000,175,JOKWE,220013.0,1,200.016,940.0,0.0,224.5087521625408,1,1,1,1,0.7255362082922001,0.6004961316755284
100000,175,IZILDA,7103.0,0,116.676,976.0,0.0,42.705053379918986,0,0,0,0,0.4037751233465143,0.4040946496675178
100000,175,DANDO,40042.0,0,83.34,992.0,0.0,44.09189695920066,0,0,0,0,0.2986778179772683,0.1731930050264313
100000,175,FUNSO,65000.0,0,212.98,925.0,45.0,313.49556444939446,1,1,1,1,0.8733349667101007,0.7086998287574138
100000,175,IRINA,4958.0,0,107.416,980.0,0.0,47.91482172269287,0,0,0,0,0.3720443188096213,0.2038819636247049
100000,175,DINEO,750102.0,1,148.16,955.0,0.0,110.77778942604272,1,1,1,1,0.5120832302438585,0.8841110232034407
100000,175,IDAI,1501500.0,1,212.98,940.0,0.0,156.27293390822953,1,1,1,1,0.7551803241484862,0.6095363902525259
100000,175,KENNETH,400094.0,1,227.796,934.0,0.0,98.377722713071,1,1,1,1,0.769218704163403,0.6847924338256434
100000,175,ELOISE,481901.0,1,157.42000000000002,965.0,0.0,70.24956113821055,1,1,1,1,0.5240969851722627,0.7240236761370483
100000,175,ANA,185636.0,1,92.6,987.0,0.0,78.48516219417034,0,0,0,0,0.2445114097453415,0.0476765456742759
100000,175,DUMAKO,23733.0,0,40.744,1004.0,0.0,69.99004999595353,0,0,0,0,0.1886344337910671,0.2887010452070185
100000,175,GOMBE,736123.0,1,172.23600000000002,955.0,0.0,116.66550223460048,1,1,1,1,0.6125746746368782,0.8820340875337003
100000,175,FREDDY,1231389.0,1,181.496,953.0,0.0,213.39094248575697,1,1,1,1,0.6587625600979942,0.72701126112673
100000,175,CHIDO,454839.0,1,212.98,947.0,0.0,14.759665552325426,1,1,1,0,0.6425615386358188,0.4961610138013545
100000,175,FILIPO,93325.0,0,101.86,989.0,0.0,102.97658709178428,0,0,0,0,0.3958116988936232,0.4177145935694861
100000,175,DIKELEDI,283338.0,1,170.384,956.0,0.0,90.1351380473522,1,1,1,1,0.5898588171265002,0.8924428725643568
100000,175,JUDE,1020926.0,1,142.604,972.0,0.0,186.438931671284,1,1,0,1,0.483697777154245,0.5639006101777784
250000,175,HUDAH,304.0,0,185.2,947.0,0.0,135.25286211751492,1,1,1,1,0.6263351091285092,0.9697239157803884
250000,175,JAPHET,23010.0,0,212.98,927.0,0.0,82.08326598396191,1,1,1,0,0.7601049729716484,0.4684468501522513
250000,175,ELITA,10000.0,0,107.416,980.0,105.0,208.65685379748805,0,0,0,0,0.0008424376823091,0.1684073419143525
250000,175,FAVIO,162770.0,0,218.536,925.0,0.0,89.203780143719,1,1,1,0,0.7798075144871757,0.4982432699310435
250000,175,JOKWE,220013.0,0,200.016,940.0,0.0,224.5087521625408,1,1,1,1,0.7493495941613529,0.6758039163892908
250000,175,IZILDA,7103.0,0,116.676,976.0,0.0,42.705053379918986,0,0,0,0,0.4123242178619887,0.2837782290165623
250000,175,DANDO,40042.0,0,83.34,992.0,0.0,44.09189695920066,0,0,0,0,0.3269118578053497,0.0361014850216772
250000,175,FUNSO,65000.0,0,212.98,925.0,45.0,313.49556444939446,1,1,1,0,0.6651611035533056,0.4492950311089177
250000,175,IRINA,4958.0,0,107.416,980.0,0.0,47.91482172269287,0,0,0,0,0.3839731438426165,0.0326052647435068
250000,175,DINEO,750102.0,1,148.16,955.0,0.0,110.77778942604272,1,1,0,1,0.4506459243437059,0.9214611718291624
250000,175,IDAI,1501500.0,1,212.98,940.0,0.0,156.27293390822953,1,1,1,0,0.6924033725662052,0.4692277188550703
250000,175,KENNETH,400094.0,1,227.796,934.0,0.0,98.377722713071,1,1,1,0,0.7217513424551087,0.4684035412887201
250000,175,ELOISE,481901.0,1,157.42000000000002,965.0,0.0,70.24956113821055,1,1,1,1,0.5118383336354801,0.6993361306135165
250000,175,ANA,185636.0,0,92.6,987.0,0.0,78.48516219417034,0,0,0,0,0.3437913206846566,0.0404912736983559
250000,175,DUMAKO,23733.0,0,40.744,1004.0,0.0,69.99004999595353,0,0,0,0,0.2011997568975181,0.0347508068188722
250000,175,GOMBE,736123.0,1,172.23600000000002,955.0,0.0,116.66550223460048,1,1,1,1,0.5717900020217007,0.9100058950927492
250000,175,FREDDY,1231389.0,1,181.496,953.0,0.0,213.39094248575697,1,1,1,1,0.5538654569116604,0.5604748814555713
250000,175,CHIDO,454839.0,1,212.98,947.0,0.0,14.759665552325426,1,1,1,0,0.6334746021551221,0.4747295855226576
250000,175,FILIPO,93325.0,0,101.86,989.0,0.0,102.97658709178428,0,0,0,0,0.3957322145462966,0.1853560451678938
250000,175,DIKELEDI,283338.0,1,170.384,956.0,0.0,90.1351380473522,1,1,1,1,0.5599460614593585,0.821216155932983
250000,175,JUDE,1020926.0,1,142.604,972.0,0.0,186.438931671284,1,1,0,0,0.4066357178716084,0.4919998233078376
500000,175,HUDAH,304.0,0,185.2,947.0,0.0,135.25286211751492,1,0,1,1,0.5809157823276415,0.8295934948839914
500000,175,JAPHET,23010.0,0,212.98,927.0,0.0,82.08326598396191,1,0,0,0,0.4493295483184927,0.0652312393488864
500000,175,ELITA,10000.0,0,107.416,980.0,105.0,208.65685379748805,0,0,0,1,0.0002950323305056,0.5059917676526371
500000,175,FAVIO,162770.0,0,218.536,925.0,0.0,89.203780143719,1,0,0,0,0.4805589779920743,0.0592323593073593
500000,175,JOKWE,220013.0,0,200.016,940.0,0.0,224.5087521625408,1,0,1,1,0.8654102355691142,0.5930588733041982
500000,175,IZILDA,7103.0,0,116.676,976.0,0.0,42.705053379918986,0,0,0,0,0.2783755725950856,0.078234935064935
500000,175,DANDO,40042.0,0,83.34,992.0,0.0,44.09189695920066,0,0,0,0,0.2863894118286326,0.0056342857142857
500000,175,FUNSO,65000.0,0,212.98,925.0,45.0,313.49556444939446,1,0,1,1,0.9467978675117936,0.5131677642275161
500000,175,IRINA,4958.0,0,107.416,980.0,0.0,47.91482172269287,0,0,0,0,0.2919121883394878,0.0050571428571428
500000,175,DINEO,750102.0,1,148.16,955.0,0.0,110.77778942604272,1,0,0,1,0.4186644290383401,0.5946361382686359
500000,175,IDAI,1501500.0,1,212.98,940.0,0.0,156.27293390822953,1,0,1,0,0.6038549263835806,0.2624880321607766
500000,175,KENNETH,400094.0,0,227.796,934.0,0.0,98.377722713071,1,1,1,0,0.5205092536118917,0.1376336090122468
500000,175,ELOISE,481901.0,0,157.42000000000002,965.0,0.0,70.24956113821055,1,0,0,0,0.3712203215585524,0.2380141831852358
500000,175,ANA,185636.0,0,92.6,987.0,0.0,78.48516219417034,0,0,0,0,0.3868725693362934,0.0057077922077922
500000,175,DUMAKO,23733.0,0,40.744,1004.0,0.0,69.99004999595353,0,0,0,0,0.3832101623021485,0.0057077922077922
500000,175,GOMBE,736123.0,1,172.23600000000002,955.0,0.0,116.66550223460048,1,0,0,1,0.4884269436741553,0.5942137205780419
500000,175,FREDDY,1231389.0,1,181.496,953.0,0.0,213.39094248575697,1,0,1,1,0.772374213738183,0.5798293012300528
500000,175,CHIDO,454839.0,0,212.98,947.0,0.0,14.759665552325426,1,0,0,0,0.2609976832516051,0.1606651480098848
500000,175,FILIPO,93325.0,0,101.86,989.0,0.0,102.97658709178428,0,0,0,0,0.4817867875549442,0.1521281218781218
500000,175,DIKELEDI,283338.0,0,170.384,956.0,0.0,90.1351380473522,1,0,0,0,0.4311095468454625,0.2908557297707452
500000,175,JUDE,1020926.0,1,142.604,972.0,0.0,186.438931671284,1,0,1,0,0.65639483011687,0.4532934586564524
